id,price,bedrooms,bathrooms,sqft_living,sqft_lot,waterfront,grade
3336000296,250000.0,4,1.5,1220,4900,0,6
8001450060,370000.0,5,3.0,2670,9920,0,8
2538410260,316000.0,5,2.5,2600,4641,0,7
1796381120,219000.0,3,2.0,1090,7350,0,7
8937500040,230000.0,3,1.75,1520,15344,0,8
984100010,300000.0,4,2.25,2080,7700,0,7
7203140420,385000.0,3,2.5,1740,4145,0,7
6817750440,300000.0,4,2.5,1914,3272,0,8
333100209,690000.0,3,1.75,2330,16300,0,9
7740500070,475000.0,3,2.0,1880,9659,0,8
5729000080,465000.0,3,3.0,2290,15600,0,8
7338401230,285000.0,3,1.75,1020,5000,0,6
7967900150,367950.0,4,2.5,3030,9500,0,8
7201800300,397500.0,3,1.75,1300,8480,0,7
7237501040,1200000.0,4,3.5,4170,9748,0,11
4029400140,409950.0,5,2.25,1790,10300,0,7
2877103111,585000.0,3,1.5,1670,5000,0,7
9136102057,650000.0,4,2.5,2160,3139,0,7
3629920830,810000.0,4,2.5,3260,5608,0,9
1774230300,615000.0,3,2.5,2980,43301,0,8
1332700270,215000.0,2,2.25,1610,2040,0,7
2917200475,430000.0,2,1.0,760,7114,0,6
7853360990,430000.0,3,2.5,1950,4949,0,7
6154900095,565000.0,4,1.75,2140,7102,0,7
2526039156,760000.0,4,2.25,2040,8315,0,8
8895800200,1100000.0,4,2.75,3590,5625,0,10
2338800161,365000.0,2,1.0,1390,8336,0,6
6623400217,250000.0,3,1.0,1230,10350,0,7
272000125,438000.0,3,1.0,1200,4000,0,6
5093301285,1580000.0,4,2.5,2900,10500,0,8
6403510130,490000.0,5,2.75,2990,7200,0,8
2525049133,1398000.0,5,2.25,2640,14959,0,7
2926049449,384400.0,3,3.25,1689,1388,0,8
2473381150,325000.0,3,2.75,2200,7000,0,7
322059326,362500.0,3,2.0,1940,40588,0,7
8856890200,350000.0,3,2.25,1780,16290,0,8
5112800233,289000.0,3,1.5,1970,22486,0,6
1761100300,220000.0,3,1.75,1230,7200,0,7
2428100080,1061600.0,4,3.0,2990,6695,0,10
1311200120,225000.0,3,1.0,1660,7210,0,7
7660100236,375000.0,3,2.5,1300,1362,0,8
1312900180,225000.0,3,1.0,1250,7820,0,7
4345000210,230000.0,3,2.25,1490,8722,0,7
2013802030,357000.0,3,2.0,2460,53882,1,7
9222400510,406000.0,2,1.0,880,3000,0,6
7932000041,602500.0,2,2.5,3090,47044,0,10
1450000050,201000.0,3,1.0,900,7576,0,6
8129700255,798750.0,2,2.25,2160,2578,0,8
7129300420,258000.0,3,1.75,1040,5650,0,6
3885804305,949000.0,4,1.75,2490,7834,0,8
8074200100,266000.0,3,1.5,1120,8250,0,7
7236100025,280000.0,3,1.0,1020,8400,0,7
4048400191,545000.0,3,1.75,1700,51649,0,6
7338402850,250000.0,4,3.0,1800,2500,0,7
9542840450,274000.0,3,1.5,1450,4694,0,7
8568030030,575000.0,4,3.5,3930,16970,0,9
629410130,707000.0,4,3.25,3200,7081,0,9
42000130,600000.0,5,4.5,4440,9784,0,10
1802000060,1325000.0,5,2.25,3200,20158,0,8
5694500105,595000.0,2,2.0,1510,4000,0,7
723049596,255000.0,2,1.0,810,7980,0,6
739820050,250000.0,3,2.5,1730,7200,0,7
534000075,329350.0,2,1.0,720,6687,0,6
3629870110,595000.0,3,2.5,1910,3075,0,8
2461900790,560000.0,4,1.75,2120,6250,0,7
2426049113,459000.0,4,1.5,2020,9583,0,7
6738700005,395000.0,2,1.0,1320,1824,0,6
2854800090,307150.0,3,1.5,1480,6752,0,7
2207100650,499990.0,3,1.75,1630,8400,0,7
9828200762,650000.0,2,1.0,1050,2542,0,7
263000325,349000.0,3,2.5,1430,1002,0,8
3303951600,369950.0,4,2.5,1910,10221,0,8
6127000480,720000.0,5,3.5,4140,7642,0,8
6893300295,445000.0,4,1.75,2430,13211,0,7
6403500290,407500.0,3,2.5,1930,10460,0,8
5021900140,1679000.0,5,4.25,4830,11466,0,10
1172000135,446000.0,4,2.0,1940,6350,0,7
7749500160,220000.0,4,1.5,1180,8058,0,7
1775910370,464000.0,4,2.25,2220,15232,0,9
6150200040,472500.0,3,2.0,1790,6800,0,7
3226049117,387500.0,2,1.0,870,6126,0,7
6140100022,345000.0,3,3.25,1600,1882,0,8
2675600028,615000.0,3,1.75,2660,7800,0,8
3124059023,1955000.0,3,1.75,3330,12566,1,8
9283800050,575000.0,2,1.5,1750,19709,0,8
3830210220,210000.0,3,1.0,1200,7200,0,6
6852700476,752000.0,4,1.5,1650,2970,0,7
7904700128,385000.0,3,3.5,1370,1540,0,8
7526400100,805000.0,4,2.5,3160,35225,0,9
1400700150,730000.0,4,2.5,3550,35689,0,9
2314300170,405000.0,4,2.5,2090,6667,0,8
1560920450,550000.0,4,3.0,4180,35169,0,11
7731100066,545000.0,3,1.0,1510,5000,0,7
1330280100,178000.0,3,1.0,1100,5734,0,7
9429400170,309620.0,3,2.5,1860,3730,0,8
7140200450,272000.0,4,2.75,1810,7350,0,7
3333002302,428000.0,4,2.5,1950,5602,0,7
1246700050,370000.0,2,1.0,1220,17172,0,6
7603100020,969000.0,4,2.0,2450,5000,0,8
291310150,391000.0,3,2.25,1410,1290,0,7
5411600180,715000.0,4,2.5,2970,5722,0,9
8691350130,715000.0,4,2.5,2927,12171,0,10
5635100090,379950.0,4,2.5,2612,5850,0,8
3363900155,470000.0,2,1.0,1220,4000,0,6
4397650160,848000.0,3,3.5,3010,5717,0,10
9169600209,746300.0,3,1.75,2060,5721,0,9
8062900030,275000.0,3,1.75,1300,8099,0,7
6705120540,462370.0,2,2.25,1860,2670,0,8
8645530010,295000.0,3,2.0,1400,7384,0,7
1442300005,435000.0,3,2.0,2040,6880,0,7
7787400105,1865000.0,4,2.5,2950,43560,0,9
103000116,645000.0,3,1.75,2070,5500,0,7
255450410,339989.0,3,2.5,2060,4200,0,8
7524950210,910000.0,4,2.5,2770,9798,0,9
1502400300,235000.0,3,1.75,1380,8362,0,7
9557300080,588000.0,4,1.75,1930,7245,0,8
3163600015,156000.0,2,1.0,600,4000,0,5
3395040440,330000.0,3,2.5,1660,2890,0,7
2806800120,400000.0,4,2.5,2530,7563,0,7
2026049067,480000.0,3,2.0,1470,10052,0,8
5560000480,169950.0,3,1.0,840,8470,0,6
1770000460,430000.0,3,2.25,1830,19965,0,8
7893202340,335000.0,4,2.25,2280,7500,0,7
164000261,700000.0,4,3.25,2780,7875,0,9
1124000005,499000.0,3,2.5,2090,8505,0,8
5021900265,659000.0,4,2.0,2090,10800,0,7
5561700340,319000.0,3,2.5,2110,7434,0,7
8133300050,200500.0,3,1.75,1260,9346,0,7
9225900055,380000.0,3,1.75,1750,10870,0,7
1180000625,315000.0,4,2.5,1950,3225,0,7
3905050240,425000.0,3,2.5,1930,4500,0,8
3630050180,360000.0,2,1.75,1230,1107,0,8
8026700105,700000.0,4,2.75,2870,8625,0,8
7010700308,1010800.0,4,3.25,3610,4000,0,9
7202260300,610000.0,3,2.5,2630,5827,0,8
2064800890,422500.0,3,1.0,1270,8920,0,7
1772600510,625000.0,3,2.5,2440,4800,0,10
8956000250,615000.0,3,2.5,1980,3128,0,8
1154100205,305000.0,1,1.0,900,7500,0,5
3293200190,1122500.0,4,3.25,4750,62365,0,11
6145601510,412000.0,3,1.0,1000,3844,0,7
1562100220,605000.0,6,2.0,2610,9132,0,8
3275850190,700000.0,3,2.5,2410,9916,0,10
2131200925,331292.0,3,1.75,1660,10000,0,7
6083000071,195000.0,3,2.0,1230,8235,0,6
8945300200,207500.0,3,1.0,1170,8816,0,6
5605000590,975000.0,4,2.5,3020,4950,0,9
7701961030,875000.0,4,2.5,3600,21794,0,11
1219000120,340000.0,4,1.0,1140,13440,0,5
6392001810,507000.0,3,1.0,1180,6000,0,7
4139470010,1615000.0,4,3.25,4250,12281,0,12
2725069162,772000.0,4,2.5,2990,9643,0,9
3876820140,373000.0,3,1.0,1290,8974,0,7
2473371570,313500.0,3,1.75,1610,7350,0,8
2197600388,350000.0,2,1.5,830,1077,0,7
3345700215,595000.0,3,2.75,3290,22649,0,8
7504021510,750000.0,4,2.25,3140,12150,0,9
2909300150,675000.0,4,2.5,2900,5505,0,8
4364700585,485000.0,3,1.75,2180,7318,0,7
3523029041,290000.0,2,0.75,440,8313,1,5
5423600100,604000.0,6,3.5,2580,13572,0,8
205000410,630000.0,3,2.5,2320,32772,0,9
7923500090,655500.0,4,2.75,2380,15800,0,8
2291400236,363000.0,3,3.25,1651,1779,0,8
5706300020,473000.0,3,2.25,1620,12309,0,7
4054700300,680000.0,4,2.75,3310,50951,0,9
5364200620,980000.0,3,2.25,2390,4590,0,8
3956900480,779000.0,3,1.75,1990,5600,0,8
7203600530,525000.0,3,3.0,2600,5238,0,9
5029450200,265000.0,3,1.5,1520,6805,0,7
7885801460,325000.0,4,2.5,2260,5702,0,8
1445500010,855000.0,4,2.25,2480,36974,0,9
3317500100,998000.0,5,3.5,3760,10207,0,10
6021502750,607500.0,3,1.5,1800,4700,0,7
7849201061,319950.0,4,2.5,2020,7200,0,6
928000020,466000.0,3,2.25,1880,7279,0,7
6623400246,200000.0,4,1.0,1350,11507,0,7
513000665,532000.0,3,1.0,1820,5750,0,7
1125069153,1525000.0,4,3.5,5990,111078,0,11
2597450620,1511250.0,3,2.5,4010,12105,0,11
8677900123,510000.0,3,1.75,1600,19200,0,7
1994200012,580000.0,3,1.75,1850,2797,0,8
2436700666,550700.0,2,2.25,1190,1499,0,9
2739200160,333000.0,4,2.5,1910,9244,0,6
8078490330,319950.0,3,2.5,1980,9907,0,8
7986401205,530000.0,2,1.0,760,3000,0,6
5411600210,810000.0,4,3.5,4170,4322,0,9
2481630180,1140000.0,4,2.25,3310,127631,0,9
4427100145,424000.0,3,1.5,1230,7200,0,7
443000060,595000.0,3,2.25,2400,16301,0,8
4245400045,234500.0,3,1.75,1310,18400,0,7
3793501450,470000.0,5,3.75,3860,6901,0,7
7212650950,336000.0,4,2.5,2530,8169,0,8
5127000430,320000.0,4,1.75,1730,9520,0,7
224069105,650100.0,2,1.0,1750,60872,0,7
1825079070,590000.0,3,1.75,1560,242629,0,7
1250203860,759000.0,3,2.0,2260,7200,0,7
7888200240,265000.0,4,1.5,1240,8158,0,7
2260800110,777000.0,3,3.25,3610,59677,0,10
1180002470,354000.0,6,3.5,3020,4500,0,7
9268851800,415000.0,3,2.25,1620,998,0,8
1425059174,390000.0,3,2.0,1510,10827,0,7
4140930110,828200.0,4,2.75,3400,7081,0,9
424069088,406430.0,3,2.0,1380,15426,0,7
8911000425,345000.0,2,1.0,1130,8081,0,7
2922701175,535000.0,2,1.5,1940,5700,0,7
4137010010,324900.0,3,2.25,2080,9740,0,8
6639900242,750000.0,4,2.5,2850,12429,0,9
7215720680,587000.0,4,2.75,2210,8430,0,9
9264910100,341500.0,5,2.25,3120,10400,0,8
7939000090,355000.0,4,1.75,2040,15000,0,7
120069059,550000.0,3,2.5,2920,169448,0,9
2333230270,328000.0,4,2.5,1990,3980,0,7
2597501190,270000.0,3,2.25,2080,26574,0,7
1140000050,215000.0,3,1.75,1280,10016,0,7
4058801680,300000.0,2,1.0,1340,7788,0,7
2568200740,720000.0,5,2.75,2860,5379,0,9
2473002080,500000.0,3,2.75,3410,9360,0,8
2473460650,347000.0,3,1.75,1330,7848,0,8
9284801500,399950.0,3,3.0,1860,2875,0,8
8128600060,600000.0,4,3.25,4690,14930,0,10
4038200120,534000.0,5,1.75,2120,8625,0,7
1394300005,361280.0,2,1.0,820,6400,0,7
2767603890,705000.0,5,3.0,2380,5000,0,7
943100262,260000.0,3,1.0,1190,11120,0,6
3627800050,1375000.0,5,4.0,3760,22763,0,11
8029550020,431000.0,4,2.5,2300,6087,0,7
2791500020,250500.0,3,2.0,1710,7225,0,7
623049315,330000.0,3,2.5,1680,11312,0,7
3395300180,534950.0,3,2.25,2130,12286,0,8
8856970440,353500.0,3,2.5,2020,4845,0,7
2205700345,500000.0,4,2.0,1700,8640,0,7
9264030040,425000.0,3,2.5,2650,12247,0,9
579002600,660000.0,3,1.75,1750,5200,0,8
4321200970,555000.0,3,2.0,2180,4976,0,8
2922700155,530000.0,4,2.5,2000,4700,0,7
1222000055,180250.0,2,0.75,900,9600,0,6
5469502380,599950.0,4,3.5,3730,15029,0,10
6121800060,260000.0,3,1.5,1320,9750,0,7
726049190,287500.0,3,1.0,1810,7200,0,7
4438000075,280500.0,3,1.5,1670,6988,0,7
3041700035,609950.0,3,2.25,1760,10350,0,7
7937600830,390000.0,4,3.0,2570,262018,0,7
1313000650,620000.0,4,2.25,2210,10039,0,8
1310370020,690000.0,4,2.5,3220,35400,0,9
9530101670,525000.0,2,1.0,1080,3500,0,7
9221400600,462000.0,3,1.75,1300,2580,0,7
6151800612,162000.0,4,1.0,1460,16638,0,6
7202330170,438000.0,3,2.5,1650,3031,0,7
2944010210,1093000.0,4,2.5,3930,21894,0,11
7818700480,314200.0,1,1.0,610,6000,0,5
3394100230,1050000.0,4,2.5,3030,12590,0,10
4167300300,310000.0,4,1.75,1880,12150,0,7
3574800010,485000.0,4,2.75,1830,8384,0,7
2770604346,499000.0,3,2.5,1540,1326,0,8
1312200080,224000.0,3,1.5,1560,7300,0,7
4375700065,315275.0,3,1.75,1440,8040,0,7
7104100065,425000.0,2,2.0,1280,4095,0,8
2397101606,2630000.0,6,4.75,5540,7200,0,11
2597530760,905000.0,5,3.5,3500,10155,0,10
993000315,379000.0,3,3.25,1380,1234,0,8
8944460190,425000.0,4,2.5,2689,6688,0,9
7436300170,411000.0,2,2.5,1590,2088,0,9
9393700065,515000.0,3,1.75,1300,5120,0,6
1545806510,260000.0,3,1.75,1340,8000,0,7
1561910190,399950.0,3,2.5,2570,10431,0,9
1545802850,286000.0,4,2.5,1820,7930,0,7
1862400522,449000.0,3,2.5,1810,1658,0,8
7443000640,460000.0,3,1.75,1400,2003,0,8
3395070560,440000.0,5,3.25,2610,3642,0,8
9388100015,740000.0,3,2.5,2710,18480,0,10
1888120140,989000.0,5,4.5,4030,13474,0,11
9357000650,535000.0,4,2.5,2340,5600,0,7
5113400431,615000.0,2,1.0,1540,6872,0,7
2591820070,380000.0,3,2.5,2390,8102,0,8
985000833,209977.0,3,1.0,1170,6134,0,7
4206901435,650000.0,2,1.75,1450,4000,0,7
9238480020,699000.0,5,2.75,2970,36817,0,8
4139430910,935000.0,4,3.25,4110,15488,0,11
1423200170,223000.0,2,1.0,910,9869,0,6
1423600300,249950.0,3,1.5,1090,7698,0,7
4038400040,520000.0,3,2.0,1670,8800,0,7
7518500885,560000.0,4,1.0,1660,4690,0,7
4040200490,461000.0,3,1.75,1420,5170,0,7
3904901190,567000.0,3,2.5,2070,10908,0,8
8635750980,570000.0,4,2.5,2640,4200,0,8
9279200910,770000.0,4,2.25,2730,5000,0,7
9201300050,1850000.0,5,2.25,2800,8442,1,9
6383000825,560000.0,2,1.0,1790,15783,0,8
6648701740,270000.0,5,2.5,2140,10320,0,7
8917100206,442000.0,4,1.5,1960,12688,0,7
687600110,778000.0,3,2.25,2260,33080,0,9
3424069215,396480.0,3,1.0,1000,10800,0,7
1346300035,1990000.0,5,3.0,4480,5000,0,12
2895200150,230000.0,3,2.0,1410,10625,0,7
8096800270,259950.0,3,2.5,1578,7340,0,7
1471701410,347950.0,5,2.25,1700,13500,0,7
7334501440,287000.0,3,1.5,1150,11475,0,7
2397101270,716000.0,3,2.0,1420,3600,0,7
5102400035,560000.0,3,1.0,1140,7028,0,8
2826079101,570000.0,4,2.5,2430,44001,0,8
290000075,550000.0,3,1.0,1260,6000,0,7
3052700385,765000.0,4,2.25,2030,2222,0,9
3885802135,899900.0,4,2.5,2580,3909,0,8
705700240,380000.0,4,2.5,2320,10079,0,7
8658300260,361000.0,3,1.75,1150,17585,0,7
3905030330,564800.0,3,2.25,1990,8501,0,8
727500030,815000.0,3,1.5,1370,8671,0,7
7955030010,318000.0,3,1.0,1250,20040,0,7
9828200460,430000.0,2,1.0,700,4800,0,7
621069146,311000.0,2,1.75,1180,55321,0,8
2402100715,658500.0,2,1.0,1410,5101,0,8
2597710050,349950.0,4,2.5,2090,5289,0,8
8665900331,418000.0,3,1.75,1670,12075,0,7
3629910240,705380.0,3,2.5,2490,4343,0,9
3816700150,430000.0,3,2.0,2350,12480,0,7
7383450250,374950.0,4,2.5,2090,3777,0,8
1703050500,645000.0,3,2.5,2490,5978,0,9
1070000390,1054690.0,4,3.5,3390,3979,0,9
1324049015,2485000.0,4,2.5,3440,23954,1,10
5422560830,468000.0,2,1.75,1510,4500,0,8
430000035,671000.0,4,3.0,3130,5700,0,7
6855100010,505000.0,3,2.5,2400,9601,0,7
3299610240,870000.0,4,2.5,3240,7621,0,9
2770604575,560000.0,3,1.75,1930,6000,0,8
7273100026,682000.0,4,2.5,2390,53941,0,8
5078400090,915000.0,5,2.75,2580,7630,0,7
9412700550,256750.0,3,2.5,1990,8991,0,7
2022069200,455000.0,4,2.5,2210,49375,0,8
425079099,560000.0,3,3.0,4120,60392,0,9
5468760050,270000.0,4,2.5,1600,9921,0,7
2331540070,342000.0,4,2.5,2300,6448,0,8
226059096,1565000.0,5,4.5,5220,67319,0,11
1925069099,915000.0,3,2.5,3140,9808,0,9
9287800135,1105000.0,5,3.25,3070,5000,0,9
8029510010,299250.0,3,2.5,2530,8669,0,9
9557300560,530000.0,3,1.75,1980,6760,0,8
3131201105,580000.0,3,1.75,1850,5100,0,7
7347600507,235000.0,4,1.75,1450,8891,0,7
8032700075,622000.0,3,3.5,1690,1765,0,8
5603700025,732000.0,4,1.75,2360,11300,0,9
7831800411,250000.0,4,1.75,1510,5500,0,7
3876600120,265000.0,3,1.5,1780,10196,0,7
9264930400,325900.0,3,2.5,2040,9765,0,8
1930301540,390000.0,1,1.0,710,4000,0,6
9144100007,767450.0,3,2.0,1630,7599,0,10
2023700040,625000.0,4,2.0,1410,4480,0,8
3293700496,270000.0,4,1.75,1850,7730,0,7
3472800065,1698000.0,4,3.0,3600,9687,0,9
8121500060,715000.0,4,2.25,2460,40635,0,8
1568100730,325000.0,2,2.0,1040,5796,0,6
5014600240,682000.0,5,2.75,2760,5000,0,9
1138010170,350000.0,3,1.0,860,7030,0,7
8651401720,215000.0,3,1.5,1610,5304,0,6
4053200410,273000.0,4,1.5,2180,22870,0,6
122029066,490000.0,3,1.75,2020,215622,0,7
3325069064,1052000.0,3,1.0,1860,44431,0,6
3578600045,490000.0,4,2.5,2242,37451,0,8
2225069062,552775.0,3,2.5,1900,18414,0,8
740500010,270000.0,4,1.0,1900,8505,0,7
9376301800,724950.0,4,1.75,1960,4340,0,8
726049232,350000.0,3,1.75,1660,10150,0,7
1387300070,374000.0,3,1.5,1330,10640,0,7
8087800430,602000.0,4,1.75,2430,14000,0,7
1150000200,640000.0,3,2.5,2420,8244,0,10
8732190460,260000.0,3,1.75,1680,8725,0,8
2141200030,625000.0,3,2.5,2000,6341,0,8
9275700016,1280000.0,4,2.5,3160,4620,0,9
7300410060,303000.0,3,2.5,1850,4957,0,8
2781270090,195000.0,2,2.0,1180,2553,0,6
8691360200,875000.0,4,2.75,3790,10669,0,10
6600060160,380000.0,4,2.5,2130,4467,0,8
6788200295,620000.0,2,1.0,1430,3000,0,7
8670000060,535000.0,4,2.5,2710,12138,0,8
5525400300,619420.0,4,2.75,2450,14803,0,9
5104510370,297000.0,3,2.5,1690,4988,0,7
7133300675,450000.0,3,1.0,1140,4500,0,6
8682261070,575000.0,2,2.0,1680,6194,0,8
4058200630,353000.0,3,1.75,2190,7021,0,7
3876200060,382500.0,4,1.75,1560,8700,0,7
2923049421,250000.0,3,2.25,1920,7738,0,8
7788400170,230000.0,3,1.0,940,10875,0,7
3275300270,250000.0,3,1.75,1140,10400,0,7
7899800120,294350.0,3,1.0,1410,5120,0,6
9561100010,380000.0,3,2.5,1840,6985,0,7
5112800042,400000.0,5,2.75,2470,19200,0,8
476000324,460000.0,3,3.25,1370,1194,0,8
9293000170,800000.0,5,2.5,3410,4726,0,9
2483200010,690000.0,3,1.75,2070,6000,0,8
126039467,700000.0,4,2.5,3040,7200,0,9
6699001200,355000.0,5,2.5,3220,5806,0,8
6392001950,435000.0,3,2.5,1470,3000,0,7
2953000300,201000.0,3,1.0,980,9682,0,7
3025300250,1620000.0,4,2.25,2350,17709,0,9
5381000352,330000.0,4,2.5,2380,13550,0,7
2473390440,340000.0,3,2.25,1900,8125,0,7
4310701565,425000.0,3,3.25,1410,1350,0,8
7852090750,576000.0,4,2.5,2590,5756,0,8
4083302485,913000.0,3,1.75,2170,4000,0,7
259800640,500000.0,4,1.75,2240,9886,0,7
8651430780,178000.0,3,1.0,840,6500,0,6
2423069170,770000.0,3,2.5,2430,54059,0,10
6798100661,340000.0,3,2.5,1212,1174,0,7
3878900270,466000.0,4,2.0,2240,4508,0,8
5040800120,967500.0,3,3.75,3250,5797,0,8
8911000445,329000.0,2,1.0,940,7700,0,6
3347400525,147000.0,3,1.0,1070,14000,0,7
1787600094,285000.0,3,1.0,1160,7875,0,7
7586200061,375000.0,3,3.25,1280,1730,0,8
5015000346,1047000.0,4,3.5,3500,4000,0,10
3800000160,590000.0,3,2.5,2650,9380,0,8
4083305445,650000.0,3,2.0,1340,2720,0,7
8138870060,395825.0,2,2.5,1590,1679,0,8
9526600210,717000.0,4,2.5,2540,4241,0,8
1938400520,272000.0,4,2.25,2040,7600,0,8
3343301393,789888.0,5,3.5,3300,7860,0,9
1443300140,330000.0,3,2.25,2300,35287,0,8
9477000280,412500.0,4,2.25,1630,7969,0,7
7853420480,536751.0,3,1.75,1930,6360,0,9
1786640070,361000.0,3,2.0,1950,8698,0,8
4055700030,1450000.0,3,4.5,3970,24920,0,10
7893207925,265000.0,3,1.5,1290,7100,0,6
1840300100,309950.0,2,1.5,1510,9843,0,7
2303900035,2888000.0,5,6.25,8670,64033,0,13
7760400880,240000.0,4,2.5,2040,11841,0,7
1561600025,712500.0,3,1.5,1660,8797,0,7
2895550050,280000.0,3,2.5,1550,4486,0,7
7524950540,800000.0,4,2.25,2120,9921,0,8
3395071580,310000.0,3,2.5,1300,3612,0,7
5411600020,702000.0,4,2.5,2810,4922,0,9
9828202215,665000.0,4,3.0,2160,4400,0,7
9113200290,725000.0,4,2.5,2490,5170,0,9
2297400020,392000.0,3,2.25,1790,7125,0,7
3585300415,620000.0,3,1.75,1680,28046,0,8
7701960130,820000.0,3,2.5,2980,18935,0,11
3226049401,447500.0,3,1.75,1950,6504,0,8
7011201087,385000.0,3,1.75,1220,1450,0,6
3491300052,735000.0,4,2.25,2410,4250,0,7
241900160,370000.0,5,2.5,2740,5460,0,8
2475900565,392500.0,3,1.0,1390,10500,0,6
7920100045,350000.0,1,1.0,700,5100,0,7
3575200070,560000.0,3,2.25,2060,31400,0,8
6403510090,437500.0,4,2.5,2680,7513,0,8
4017050020,450000.0,3,2.5,2450,19744,0,10
8651442060,214950.0,3,1.75,1570,4875,0,7
3226049080,397000.0,2,1.0,1030,12350,0,7
2781270400,215000.0,2,2.0,1180,2521,0,6
8965000110,455000.0,3,1.75,1300,9600,0,7
8946750170,281000.0,4,2.25,1677,3600,0,7
2472920680,440000.0,4,2.5,2880,8061,0,9
2895800770,258800.0,2,1.75,1290,1624,0,8
795002375,280000.0,3,1.0,1200,6250,0,6
4024100670,605000.0,3,2.25,2260,17114,0,7
2013300050,258000.0,3,2.0,1680,19978,0,6
290000095,675000.0,6,1.75,2740,6360,0,8
3797000400,616500.0,4,2.25,1880,3000,0,8
7686204675,248000.0,4,1.0,1010,7515,0,6
3622059180,390000.0,4,2.0,1900,76877,0,8
2591700037,746000.0,3,1.75,1910,12321,0,7
1428001160,550000.0,3,1.75,1890,100623,0,8
1422059039,455000.0,4,2.75,3030,117378,0,8
9414610070,502775.0,3,1.75,1700,9840,0,8
2595300210,473600.0,4,1.5,1780,8400,0,7
6372000297,608000.0,3,3.5,1660,2298,0,8
5406500170,645000.0,4,2.5,2780,4200,0,8
6052400975,325000.0,3,1.0,1590,8160,0,7
7375100070,491000.0,3,1.75,1440,7800,0,7
7129302806,408000.0,3,1.0,1420,8000,0,7
4047200950,265000.0,2,1.0,1000,31505,0,6
5230300210,299000.0,3,1.0,1040,9514,0,7
59000201,611206.0,1,1.0,1940,6300,0,8
6669020490,320000.0,4,2.25,2190,9020,0,8
9834200165,704300.0,4,1.5,1790,4080,0,7
9550202140,1311000.0,4,3.75,3490,5625,0,9
3528960020,673000.0,3,2.75,2830,3496,0,8
9264960850,412000.0,4,3.5,3360,9767,0,9
7230200585,657044.0,3,3.5,3420,23786,0,9
1036400200,661000.0,4,1.75,1670,13125,0,8
6600060140,392000.0,4,2.5,2130,4000,0,8
5363200266,420000.0,3,2.0,1200,5029,0,6
3362401815,764000.0,3,2.0,1420,4080,0,8
3279000070,215000.0,4,1.5,1430,8775,0,7
7524950870,565000.0,4,2.25,2110,10698,0,8
6061500130,1029280.0,4,3.25,3600,18645,0,10
6681500205,658500.0,4,2.25,1900,5000,0,7
3885801970,785000.0,2,0.75,1260,4800,0,6
1825069031,550000.0,4,1.75,2410,8447,0,8
3221079050,465000.0,3,2.5,1920,144619,0,8
7138000260,279950.0,3,2.0,1750,9750,0,7
5309100515,537000.0,4,1.75,1580,3635,0,7
4140090320,595000.0,5,2.75,3740,6750,0,8
3448001285,442500.0,4,2.0,1540,5920,0,7
3034200543,500000.0,3,2.25,2210,7916,0,8
7934000090,340000.0,2,1.0,690,5200,0,6
1449000270,670000.0,4,2.75,3020,13530,0,8
2826049200,451000.0,4,1.5,1620,5444,0,8
6908200250,680000.0,4,1.0,1660,6075,0,7
3644100073,245000.0,2,1.0,670,1675,0,6
7853240200,619000.0,3,2.5,2720,6439,0,9
4249400270,360000.0,3,2.5,1480,3851,0,8
1997200165,802000.0,3,2.25,2170,5001,0,8
524069019,1150000.0,4,3.25,4400,262666,0,11
8964800225,1430000.0,3,2.0,1890,12017,0,8
9510920070,879000.0,4,2.5,3360,22111,0,10
7231501665,277000.0,4,1.0,1500,5750,0,6
2516000515,623500.0,4,3.0,1550,3350,0,7
8562770250,535000.0,3,2.5,2280,2289,0,8
3955900150,360000.0,4,2.5,2490,4751,0,7
7129301445,450000.0,4,2.75,2310,5650,0,8
6600000330,718500.0,3,1.5,1200,6240,0,8
8819900270,440000.0,2,1.75,1300,4000,0,7
7875200005,140000.0,3,1.0,1000,10560,0,7
6371000100,479000.0,2,2.25,1330,1380,0,8
1549500585,585000.0,3,2.0,2220,209523,0,7
1726600150,970000.0,4,3.0,3510,12410,0,9
7852000110,441500.0,3,2.5,2360,4670,0,7
1721059286,383000.0,4,2.5,2640,8055,0,9
1923000150,754000.0,5,3.5,3020,15305,0,10
3329520410,245000.0,3,1.75,1920,9306,0,7
7852190580,565000.0,3,2.5,2700,6037,0,8
3277801580,469950.0,3,2.0,1820,1357,0,9
2690100170,300000.0,3,2.5,1960,1477,0,7
7454001120,285950.0,2,1.0,710,7120,0,6
8148600055,225000.0,3,1.0,1040,6535,0,6
726059483,660000.0,5,3.5,3160,5175,0,9
4221270100,560200.0,3,2.5,1990,3984,0,8
7305300370,390000.0,3,1.5,1240,8410,0,6
2143700676,240000.0,3,1.0,1040,7800,0,7
5379805120,213000.0,2,1.0,740,7380,0,6
3438501450,382000.0,2,1.0,870,10492,0,7
7304301010,421000.0,2,1.5,1400,11245,0,7
1568100300,682500.0,6,4.5,3500,8504,0,7
8635760480,473975.0,3,2.5,2330,3610,0,8
2877104316,660000.0,4,1.5,1960,4500,0,7
1473120230,435000.0,4,2.5,2940,7590,0,9
1441000350,440000.0,4,3.5,3180,4869,0,8
685000115,2150000.0,8,6.0,4340,9415,0,8
705700210,320000.0,3,2.25,1650,7047,0,7
7227801580,232000.0,4,2.0,1440,5911,0,5
255520150,539000.0,3,2.5,2830,9972,0,9
3342100160,510000.0,3,3.0,1845,5100,0,8
8820903080,455000.0,2,1.0,910,5759,0,6
8091800140,375000.0,4,2.5,2210,9427,0,7
2493200325,589500.0,4,1.5,1440,3200,0,7
9358000552,399000.0,3,3.25,1680,1478,0,8
5201000030,597000.0,4,2.5,2370,41338,0,8
5632500110,351000.0,3,1.0,1160,10518,0,7
6003001760,675000.0,3,1.5,2510,3600,0,8
2436200200,1110000.0,5,3.25,3350,4000,0,8
2924079034,332220.0,3,1.5,2580,47480,0,7
5066400483,249900.0,3,1.75,1380,14000,0,5
792500190,410000.0,3,2.0,1400,45738,0,8
421069081,337000.0,3,2.5,2235,43560,0,7
2935400100,625000.0,3,1.75,2060,12558,0,7
6620400025,245000.0,3,1.0,1380,9875,0,7
7519000665,565000.0,5,1.5,1940,3430,0,6
623049273,225000.0,3,1.75,1550,9060,0,7
7525300240,750000.0,4,2.25,2820,9602,0,8
4223000280,221000.0,4,1.75,1540,7200,0,7
3083001095,410000.0,3,1.75,1760,3520,0,7
2781230020,398500.0,4,2.5,2820,6666,0,9
4307301160,349000.0,4,2.5,2280,4096,0,7
2892700041,238000.0,3,1.5,1370,7439,0,6
993001563,355000.0,3,2.25,1280,959,0,8
5096300140,398500.0,3,2.5,1630,1971,0,8
8651410120,225500.0,3,1.0,1100,5200,0,6
1109000040,315000.0,3,2.0,1300,3731,0,7
776600130,275000.0,3,1.5,1180,10277,0,6
9274202885,660000.0,3,1.75,1320,5750,0,7
642500080,365000.0,4,2.5,2905,4874,0,9
6837820330,300000.0,4,2.5,2450,8932,0,8
4077800582,522000.0,3,1.0,1150,7080,0,7
1402650360,384200.0,3,2.5,2430,7613,0,8
3709500180,445830.0,3,2.5,1870,5449,0,8
8682281600,592350.0,2,2.0,1570,4665,0,8
3052700921,900000.0,6,3.0,2620,4350,0,7
9136103130,430000.0,2,1.5,1090,4013,0,7
6046401300,428000.0,3,2.0,1310,2550,0,7
2719100355,660000.0,3,2.25,2280,6150,0,8
9183703045,275000.0,4,2.0,2220,8229,0,7
3630160610,765000.0,4,2.5,2980,5000,0,10
3222059187,460000.0,4,3.0,2230,52983,0,8
9253900210,1275000.0,3,2.5,3870,46609,0,9
8564500020,322000.0,3,1.0,960,10181,0,7
2325039084,550000.0,2,1.75,1740,7290,0,8
4077800376,600000.0,5,2.25,2980,7781,0,9
629000704,1000000.0,4,2.0,1780,15648,0,8
9839300875,800000.0,3,1.0,1700,4400,0,8
2143700861,192000.0,2,1.75,1340,7380,0,6
6392000625,451000.0,2,1.0,900,6000,0,7
7852110050,574000.0,3,2.5,2380,6832,0,8
7276100020,505000.0,4,1.0,1480,12675,0,7
6147650430,320000.0,4,2.5,3130,5200,0,7
126049217,400000.0,3,1.75,1530,10731,0,7
8106300970,490000.0,3,2.5,3080,7363,0,9
9268850480,308000.0,3,1.75,1300,1237,0,7
7852130720,452500.0,3,2.5,2240,7791,0,7
5631500369,520000.0,4,2.5,3290,11446,0,8
7011200260,485000.0,4,2.0,1400,3600,0,7
1438000110,580135.0,4,2.5,3150,5886,0,8
349400100,237500.0,3,1.75,1480,7830,0,7
1257200315,1200000.0,4,2.5,2700,4275,0,9
6819100330,550000.0,3,1.0,1110,6000,0,7
3754700050,424000.0,3,2.0,1670,7700,0,7
9183701345,290000.0,2,1.75,1560,7575,0,8
3705900130,377691.0,5,1.75,2120,8399,0,7
8835220210,355000.0,3,1.5,1370,4790,0,7
3811300110,349950.0,5,2.5,2250,7176,0,7
9290850740,975000.0,4,2.5,4270,43386,0,10
1123049232,279000.0,5,2.5,2690,5557,0,7
3832700250,270000.0,4,2.75,2440,7150,0,7
2622059138,339000.0,3,1.5,1740,21980,0,7
1524079093,369500.0,3,1.75,1300,20700,0,7
5469502700,489990.0,5,2.25,2440,20828,0,8
7199340480,495000.0,3,2.25,1780,8050,0,7
2538410140,330000.0,5,2.5,2600,3839,0,7
1138000160,343000.0,3,1.0,1120,7250,0,7
8651720150,492500.0,4,2.75,2760,18306,0,7
3179100180,1540000.0,5,3.25,2920,6960,0,9
8964800370,1375000.0,3,1.5,1850,10572,0,8
6136900045,412000.0,3,1.0,1660,6992,0,7
6821100195,830000.0,4,3.0,2020,6000,0,8
3574801790,410000.0,3,1.75,1440,7112,0,7
6788200360,727000.0,3,2.25,2180,4200,0,8
7011201470,625000.0,2,1.0,2160,2192,0,8
2997800090,575000.0,3,1.0,1220,5652,0,6
2883200524,635000.0,3,2.5,1570,1433,0,8
722069232,998000.0,4,3.25,3770,982998,0,10
1105000233,255000.0,2,1.0,940,9330,0,6
2537500040,763000.0,4,2.5,3220,7873,0,10
9542830430,300000.0,3,2.5,1880,4200,0,7
3024079069,371000.0,4,1.0,1960,94525,0,6
2235000015,260600.0,2,1.0,810,4560,0,7
3276940100,1000000.0,4,3.0,4260,18687,0,11
8669160310,266000.0,3,2.5,1805,3402,0,7
2724069070,519500.0,4,2.0,1540,17859,0,6
1446403617,123000.0,2,1.0,1050,6600,0,6
8649900480,725000.0,4,2.5,2740,12899,0,10
6163901433,425000.0,4,2.25,2200,8384,0,7
9521100795,569000.0,4,2.0,1730,3884,0,7
2310040020,365000.0,5,2.5,2260,7040,0,8
1250200693,515000.0,3,3.0,2100,2409,0,8
4104500191,1170000.0,3,2.75,2890,12130,0,10
1515920090,350000.0,3,2.5,2440,18674,0,8
8673400141,473000.0,3,3.0,1380,1081,0,8
9406520290,305000.0,3,2.25,1646,12414,0,7
7334500120,240000.0,3,1.5,1360,9760,0,7
4386700135,2250000.0,4,2.25,4760,8036,0,9
7016100380,515000.0,4,2.5,1910,8947,0,8
8078490090,245000.0,3,1.75,1670,11452,0,8
8651710430,465000.0,4,2.25,2070,7500,0,7
9826701765,715000.0,3,1.0,1610,7680,0,6
8822900115,306000.0,2,1.75,1200,2622,0,7
7663700783,369500.0,3,1.5,1650,9957,0,7
4023500990,260000.0,3,1.5,1270,20700,0,7
9536600105,600000.0,3,2.75,2080,16740,0,8
7116500925,206000.0,4,2.0,1700,6025,0,6
6072100140,500000.0,3,1.75,1530,8829,0,8
3095000095,580000.0,3,2.0,2040,4800,0,7
2126049096,399000.0,3,1.0,1460,8290,0,8
8698600055,210000.0,2,2.0,1680,5756,0,7
2171400197,350000.0,5,3.0,2520,5500,0,8
4174600386,310000.0,5,3.0,2270,5001,0,7
1773100315,445000.0,4,2.5,2170,6000,0,7
7399301050,315000.0,3,1.75,1480,7500,0,7
7844200415,489000.0,3,3.0,3700,10375,0,9
5422560860,450000.0,2,2.0,1610,6160,0,8
9396700024,360000.0,2,2.5,1233,1244,0,7
3546000630,289000.0,3,2.5,2110,8304,0,7
1446800511,249950.0,4,1.0,1330,7980,0,6
7277100395,675000.0,4,3.5,2550,3600,0,8
7856600170,981000.0,4,2.5,2110,10100,0,8
1235100371,580000.0,5,2.75,3550,9600,0,7
7931000053,362950.0,4,1.75,2140,159865,0,7
1604600660,350000.0,2,1.0,910,4500,0,7
3658700395,628000.0,4,1.75,1940,3060,0,7
9477580030,962000.0,4,2.75,3340,5700,0,11
3123049142,452000.0,3,2.25,2600,14810,0,8
8081010040,1150000.0,3,2.5,3160,24437,0,11
8682281070,752500.0,2,2.5,2280,6230,0,8
7853301240,443500.0,3,2.5,2170,5866,0,7
8106300510,485000.0,5,2.5,3270,6129,0,9
7852170140,650000.0,4,2.5,3180,5438,0,9
6382000080,340000.0,3,2.25,2120,13090,0,8
4305600040,549000.0,4,2.5,2910,6338,0,8
3026059011,825000.0,3,2.75,3040,24192,0,10
3667500015,770000.0,4,3.5,3680,2242,0,9
1868902745,805000.0,3,2.0,2710,4500,0,8
3763300040,400000.0,3,1.5,1330,9900,0,7
7461400360,299000.0,1,2.5,1980,7521,0,7
7789900030,319990.0,4,1.5,1890,10707,0,7
1091500120,310000.0,4,2.75,1950,9720,0,7
2407000145,197200.0,3,1.0,1140,8775,0,6
4029400080,383000.0,4,2.5,1850,8310,0,7
6402700110,585000.0,4,2.0,2400,12753,0,7
1250201165,441000.0,5,2.5,2000,3600,0,6
3448740250,440000.0,4,2.5,2730,4526,0,7
4307330050,439900.0,5,3.5,3390,7950,0,7
7518500855,658600.0,4,2.0,1400,4690,0,7
3832150190,263000.0,3,1.75,1570,7775,0,7
7935000625,975000.0,3,2.5,2530,7000,0,9
2484200171,575000.0,4,1.5,2810,7140,0,8
5608030020,600000.0,5,3.5,3370,16846,0,9
4438000165,122000.0,2,1.0,730,6728,0,6
2113200065,289000.0,2,1.0,1010,7740,0,6
8078700020,474900.0,3,2.25,1800,43647,0,8
1176001119,609500.0,3,1.75,1590,1113,0,8
2767603612,489000.0,2,2.25,1290,1334,0,8
6414600070,210000.0,1,1.0,930,7129,0,6
3578401770,400000.0,3,1.0,1410,9704,0,8
2190601055,314900.0,4,1.75,2700,27072,0,7
7427800080,626000.0,3,2.25,1810,5107,0,8
16000397,189000.0,2,1.0,1200,9850,0,7
4128500210,975000.0,4,2.5,3490,7494,0,11
1703050420,651100.0,4,2.5,2310,5526,0,9
4365200520,490000.0,3,2.25,1410,7740,0,6
3878900185,303100.0,3,1.5,1640,5650,0,8
5266300140,701000.0,4,1.5,1840,10080,0,8
4401200010,795000.0,4,2.75,3100,7501,0,10
2767603250,622000.0,3,2.25,1550,1919,0,8
741500010,295000.0,3,2.0,1230,3405,0,7
644000102,650000.0,3,1.0,1520,10227,0,6
8077200470,590000.0,4,2.5,2290,11072,0,9
2028701000,635200.0,4,1.75,1640,4240,0,7
1025059094,830000.0,5,3.5,3490,21780,0,8
9527000040,429950.0,3,1.75,1830,9758,0,8
2719100042,458500.0,3,2.0,1890,1599,0,9
1775800710,315500.0,3,1.0,1300,12600,0,7
1447600410,290000.0,3,1.0,1480,32700,0,6
646500070,420000.0,3,1.0,1060,7638,0,7
1180500070,335000.0,4,2.5,2330,7050,0,8
9542100005,1125000.0,5,3.0,3690,10260,0,9
5162100650,316000.0,4,2.5,2320,7379,0,8
1056200010,750000.0,3,1.75,1590,8285,0,8
3261020080,539500.0,4,2.25,2280,8550,0,8
1786700240,472000.0,4,3.25,4350,7090,0,8
5207200195,691500.0,4,2.5,2600,7200,0,7
7385310040,725000.0,4,2.75,2420,10962,0,8
2475201070,259000.0,3,1.75,1240,4000,0,7
2254502070,512500.0,3,3.0,2260,2400,0,7
6400700230,450000.0,3,2.25,1420,13468,0,7
1864940180,335000.0,4,2.5,2610,4781,0,8
2902200241,562500.0,3,2.25,1300,907,0,8
7655900031,240000.0,2,1.0,590,8717,0,6
1786630160,344200.0,4,2.5,2490,5812,0,8
9578060660,502000.0,4,2.5,2040,5616,0,8
3204930510,780000.0,5,3.5,3190,4247,0,8
3996900160,277000.0,2,1.0,770,8149,0,6
8847400115,590000.0,3,2.0,2420,208652,0,8
255400070,875000.0,5,3.5,3840,8279,0,9
6087100070,661254.0,4,4.0,2290,6250,0,7
5151600170,285000.0,3,1.5,1780,12231,0,8
3971701455,273000.0,2,0.5,1180,7750,0,6
2520900301,239300.0,3,1.0,1070,5750,0,7
1545804340,240000.0,3,1.75,1760,6500,0,7
2013801350,220000.0,3,1.75,1460,7226,0,7
2325059101,487000.0,3,1.75,1430,12632,0,7
2188201010,245000.0,3,2.25,1530,12000,0,7
2310050040,361500.0,4,2.5,1980,7334,0,7
8718500665,375000.0,3,1.0,1610,11250,0,7
2783100050,334000.0,3,1.75,1400,7405,0,7
3333000775,249900.0,3,1.0,1100,5000,0,7
7374600060,550000.0,3,2.0,1810,12825,0,7
8562700410,528000.0,5,1.75,2780,7786,0,8
567000025,577500.0,2,2.5,2330,3000,0,8
4123800260,257700.0,4,2.25,1600,6202,0,7
23520380,539000.0,3,1.75,1790,9860,0,7
3131200640,700000.0,4,2.0,1830,4590,0,8
7349650490,285000.0,3,1.75,1600,7500,0,7
2008000420,280500.0,3,1.75,2440,10179,0,7
2140950130,440000.0,4,2.5,2990,7928,0,9
7214700160,610000.0,3,3.0,2480,45302,0,8
423059387,540000.0,5,2.5,3370,4850,0,9
627300145,1148000.0,10,5.25,4590,10920,0,9
5420800010,266000.0,3,2.5,1940,8547,0,7
7683800010,205000.0,3,1.0,1300,9880,0,7
9136102680,626500.0,3,1.75,1610,3210,0,7
8564850200,594950.0,5,2.5,3280,6553,0,9
976000879,700000.0,4,2.0,1930,5398,0,7
9320870040,249900.0,3,2.5,1630,7700,0,7
2558690130,465000.0,4,2.25,2140,7701,0,7
4077800094,675000.0,4,1.75,2220,7230,0,8
7228501805,739000.0,6,4.5,4000,7500,0,7
1431700210,305000.0,3,1.0,1580,7424,0,7
2801910100,754842.0,3,2.5,2930,5641,0,8
871001611,616000.0,4,1.75,1700,5846,0,8
6802200110,231200.0,3,2.0,1400,8821,0,7
3332500085,489950.0,3,2.5,2540,5237,0,8
6639900176,551000.0,3,2.5,2010,17362,0,8
1725059187,595000.0,2,1.75,1280,8500,0,7
8944600060,541900.0,3,2.5,1880,3054,0,8
9141100210,257000.0,2,1.0,770,9497,0,6
4054710090,650000.0,3,2.5,2180,37042,0,9
2560803248,270000.0,4,2.5,1660,8063,0,7
8113101000,336000.0,4,1.0,1780,4310,0,6
7857003505,437000.0,5,2.0,2190,8316,0,7
2013801086,245000.0,3,1.5,1340,7391,0,7
3303980660,1070000.0,4,3.75,4130,12320,0,11
3444100400,349000.0,3,1.75,1790,50529,0,7
7436900060,440000.0,3,1.0,1410,8925,0,7
1726059134,1075000.0,3,2.5,2830,56628,0,11
2768100510,649000.0,3,2.0,1530,1442,0,9
6817801430,525000.0,3,2.0,1790,11430,0,7
6362900145,450000.0,4,2.0,1960,5008,0,6
2322029048,999000.0,3,2.75,2830,505166,1,8
2595300155,565000.0,4,1.5,2190,8296,0,7
4046600120,475000.0,3,1.75,1870,25157,0,7
7855801670,2250000.0,4,3.25,5180,19850,0,12
8691330330,899000.0,4,2.5,4080,10295,0,10
5089700300,365650.0,4,2.25,2380,7700,0,8
868000175,849000.0,4,1.5,2440,8040,0,8
7461420230,336500.0,4,1.75,1760,7268,0,7
2767604712,437500.0,3,2.5,1260,1125,0,8
3353401710,227950.0,3,1.5,1670,8230,0,7
8150600250,649000.0,4,2.5,2730,4847,0,9
8078570390,260000.0,3,2.5,1920,7415,0,7
3438502501,400000.0,5,2.5,2510,7525,0,7
8682231210,554000.0,2,2.0,1870,5580,0,8
8887001640,416500.0,4,2.0,2280,39848,0,8
7228500375,430000.0,4,2.0,1990,4740,0,7
3744600028,390000.0,4,1.75,2690,46609,0,7
5700004485,978000.0,4,2.75,2620,13777,0,9
8914100170,610000.0,3,2.5,2910,12283,0,10
3528400180,350000.0,4,2.75,3390,16153,0,7
3832710450,262500.0,4,2.75,1500,7036,0,7
7555200230,691000.0,4,2.75,2550,8632,0,8
3904900530,485000.0,3,2.5,1580,6065,0,8
7895500290,265000.0,4,1.5,1580,8468,0,7
5417600200,285000.0,3,1.75,1930,7200,0,6
2162000260,699000.0,3,2.5,2740,18455,0,10
7224000450,230000.0,6,1.5,1810,4838,0,5
3630180340,825000.0,4,2.5,3370,5000,0,9
8669180390,285000.0,3,2.5,2437,5136,0,7
1236300214,700000.0,3,2.5,2190,7982,0,8
9169600043,765000.0,3,1.75,2190,6450,0,8
5742600115,630000.0,4,2.0,2480,3680,0,7
7149410060,165000.0,3,1.5,1250,7200,0,7
2423069164,500000.0,3,2.0,1990,65340,0,8
644000040,1780000.0,4,3.25,3950,10912,0,10
3734900110,230000.0,2,0.75,890,19703,0,6
2115720500,286000.0,3,2.5,1680,5000,0,8
1323089107,585000.0,3,2.5,2330,33750,0,9
104550660,275000.0,3,2.5,1870,6821,0,7
8887001192,355000.0,2,1.0,1240,27042,0,6
8691360490,960000.0,4,3.5,4610,11676,0,10
6204200590,410000.0,3,2.75,1690,5763,0,7
7437101030,265000.0,3,2.5,1640,7668,0,7
8141200080,680000.0,8,2.75,2530,4800,0,7
7812800565,289500.0,3,1.0,960,6400,0,6
3475000080,710000.0,3,2.0,1780,9732,0,8
1245500250,555500.0,2,1.0,920,10000,0,7
6840701100,382000.0,4,1.0,1740,4400,0,7
7338220370,297000.0,4,2.5,2230,4952,0,8
2464400340,381500.0,2,1.0,900,2910,0,7
9304400010,975000.0,4,2.5,3240,35083,0,9
9808700405,1901000.0,3,2.5,2660,13367,0,10
66000070,315000.0,2,1.0,630,6550,0,5
8617000020,485000.0,4,2.5,2100,8886,0,7
423059077,515000.0,5,1.75,1880,48787,0,6
1099900030,325000.0,5,2.75,2400,7904,0,7
3834000594,319000.0,3,1.5,1480,1722,0,7
9272201704,369000.0,2,2.5,980,895,0,8
2253200010,390000.0,5,2.0,2400,9537,0,7
9485950060,440000.0,5,1.75,3690,36036,0,9
7436000205,665000.0,3,1.0,1260,24550,0,7
7955060010,440000.0,4,2.25,2010,7575,0,7
7000100775,625000.0,3,2.0,1730,12219,0,7
3299200075,429950.0,4,1.75,1700,10230,0,8
3438503045,165000.0,2,1.0,780,6380,0,6
1336800010,1335000.0,5,2.25,4200,5800,0,9
8024202520,445000.0,2,2.0,1150,6634,0,7
8691440440,882990.0,4,3.5,3560,6562,0,10
625049274,720000.0,3,2.0,1590,5200,0,7
1624079104,540000.0,3,2.25,2000,217800,0,8
6421100592,510000.0,3,1.75,1610,11950,0,7
9264920870,300000.0,3,2.25,1730,10030,0,8
6791050100,775000.0,3,2.5,2890,8470,0,10
6163901380,244000.0,2,1.0,960,8450,0,6
6699940120,356000.0,4,2.5,2470,5074,0,8
8857320120,542000.0,2,2.25,1800,2819,0,9
9547200530,780000.0,6,4.0,3300,5720,0,8
3905100840,500000.0,3,2.25,1580,4379,0,8
2568300132,521000.0,3,2.0,1870,5455,0,7
5095401360,418000.0,3,2.5,2080,16050,0,8
6821101837,368000.0,2,2.0,930,1662,0,7
2313900810,610000.0,4,2.0,2220,5821,0,7
2011400019,260000.0,5,2.5,2580,11250,0,7
6632300040,327000.0,2,1.0,1140,7435,0,7
2618300080,242500.0,3,1.5,1200,9720,0,7
114101516,310000.0,3,1.0,1430,19901,0,7
205000450,633100.0,4,2.5,2470,33305,0,9
3992700265,385100.0,3,1.0,1060,8040,0,6
9540100025,325000.0,3,1.0,1410,8250,0,7
5013500110,425000.0,2,1.0,1070,6625,0,7
1454100440,456000.0,4,1.75,1670,9886,0,7
7888100240,245000.0,4,1.5,1850,7547,0,7
2026049097,431750.0,2,2.0,1400,10052,0,8
6679000960,336500.0,4,2.5,2500,5264,0,7
3818400060,495000.0,4,2.5,2460,4862,0,8
1118500030,810000.0,4,2.5,3520,15420,0,10
5315101716,780000.0,3,1.75,1690,13500,0,7
5631501073,374500.0,3,2.25,1400,11400,0,8
424069275,860000.0,4,3.25,3830,10005,0,10
2919700735,870000.0,4,3.5,2780,3100,0,8
3762900130,350000.0,2,1.75,1080,7242,0,7
2916620240,264950.0,4,1.75,1770,9011,0,7
582000675,580000.0,2,1.5,1990,6000,0,6
3295610350,850000.0,5,2.75,3430,15119,0,10
185000118,212000.0,4,2.0,1880,7500,0,6
126059021,200000.0,4,1.0,1020,42966,0,6
3034200933,399888.0,4,2.25,1820,8255,0,7
1773100980,309000.0,3,2.25,1490,1294,0,7
1625069101,1360000.0,4,3.0,5430,108900,0,10
9294300515,775000.0,3,2.0,2010,7017,0,7
3818700185,400000.0,4,1.5,2150,11026,0,7
2782100280,672500.0,4,2.75,2620,6707,0,9
6300000320,359950.0,2,1.0,1240,7590,0,7
1687000220,285000.0,4,2.5,2434,4400,0,8
6411600411,257000.0,2,1.0,770,7200,0,7
7686205020,144975.0,2,1.0,900,7500,0,5
859000022,330000.0,3,2.5,1740,1844,0,8
2501600150,194000.0,4,2.0,1760,7700,0,7
6071000030,610000.0,5,2.75,2930,31411,0,9
3592500800,1850000.0,5,3.25,3680,6060,0,9
3758900150,425000.0,2,1.0,1430,13300,0,6
5711200170,535000.0,3,2.5,2210,7620,0,8
7695500240,345000.0,3,2.25,2120,15003,0,7
2781240050,349950.0,3,2.0,1640,4714,0,8
7436500060,562000.0,4,2.25,2170,7007,0,8
5615100330,200000.0,4,2.0,1900,8160,0,7
7955040130,460000.0,3,1.75,1370,8467,0,7
2408800130,424900.0,4,2.75,2950,49658,0,8
6821102100,510000.0,2,1.0,810,6480,0,6
3528900401,1640000.0,3,3.25,3140,5445,0,10
3892500150,1550000.0,3,2.5,4460,26027,0,12
1284000010,330000.0,4,1.75,1550,50094,0,6
4139400910,740000.0,4,2.5,2500,10330,0,10
3327000140,235000.0,3,1.75,1190,7280,0,7
1133000235,450000.0,6,2.25,3550,11780,0,8
8108600464,335000.0,3,2.25,2150,30476,0,7
1089700010,540000.0,4,2.5,2329,9436,0,9
844000425,199999.0,3,1.0,960,10815,0,5
8807300570,399950.0,3,1.0,1040,9600,0,7
7852030310,440000.0,4,2.5,2410,4780,0,7
3530430100,187000.0,2,1.75,1050,2926,0,8
8691400010,830000.0,4,3.25,3330,7809,0,9
2771602425,447000.0,2,1.0,980,1600,0,8
7547300120,325000.0,2,1.0,1080,5000,0,7
3904921100,674725.0,4,2.5,2700,10160,0,9
1223039242,388000.0,3,1.75,1760,9277,0,7
2710600015,775000.0,4,3.0,2000,5304,0,7
3034200087,659950.0,5,3.0,3010,7357,0,9
4335000030,440000.0,3,1.75,2030,17100,0,7
1277000020,915000.0,4,2.5,3210,8532,0,10
7625703885,870000.0,4,3.0,2940,7108,0,9
3343900120,380000.0,4,1.75,2260,7200,0,7
3840700600,355000.0,3,1.0,900,37800,0,5
2558650130,426000.0,4,2.25,2120,7700,0,7
4338800500,262500.0,3,2.0,1130,7200,0,6
8835700250,965000.0,4,2.5,3570,17411,0,10
3205400290,420200.0,3,1.75,1320,7280,0,7
3451000206,340000.0,3,1.75,2140,13260,0,7
7011201245,655000.0,3,1.0,1270,3600,0,7
9412400185,1309500.0,4,4.5,4750,13912,0,10
1525059074,850000.0,4,1.0,2500,35802,0,7
2024059084,625000.0,4,2.75,2290,21486,0,7
5694000710,352950.0,3,1.0,1760,3000,0,6
6645900010,1470000.0,4,2.5,3030,10189,0,9
5456000280,820000.0,5,2.5,3160,8000,0,7
2780700020,375000.0,4,2.5,1900,9428,0,8
7788400180,261000.0,3,1.0,1660,11200,0,7
3308010040,325000.0,4,2.25,2130,8499,0,7
280610020,825000.0,4,3.25,4110,14219,0,10
9485300560,325000.0,4,2.75,2110,6838,0,8
802000130,490000.0,4,1.75,1870,9500,0,7
2927600155,291750.0,3,2.25,1310,12825,0,7
2131701410,299950.0,3,2.25,1370,5000,0,7
8941500010,750000.0,4,2.5,2510,17200,0,9
7853220120,610000.0,4,2.5,2950,9010,0,9
1443500905,219950.0,3,1.0,1020,4960,0,6
3693901801,575000.0,3,2.0,940,5000,0,7
739500050,260000.0,3,2.25,1920,9680,0,7
1931300090,610950.0,3,3.0,1680,1570,0,8
2869100080,744000.0,3,2.5,2670,12187,0,8
7856550240,860000.0,5,2.25,3480,9200,0,8
259800060,445000.0,4,2.0,1470,8395,0,7
4242900215,646000.0,5,2.75,2870,4461,0,7
8947800080,300000.0,3,1.0,970,12300,0,7
8651401960,179950.0,4,1.5,1130,5200,0,6
9276201140,576750.0,3,2.0,2220,5000,0,7
2767601375,505000.0,3,2.0,1500,2500,0,8
6632900574,367500.0,5,3.0,2980,10064,0,7
7680400140,710000.0,3,3.25,3740,136915,0,11
6021500840,588000.0,5,3.0,2190,4900,0,7
7877400266,206000.0,3,1.0,970,9360,0,5
8122101146,320000.0,2,1.0,710,5200,0,6
5366200460,619500.0,3,2.5,1700,4105,0,8
2483200060,678500.0,3,2.0,2460,6600,0,8
4045700455,363000.0,3,0.75,2510,20000,0,7
4447300137,989000.0,5,3.5,3280,4000,0,9
